,count,mean,std,min,25%,50%,75%,max
engine_size_l_,7385.0,3.160067704807041,1.3541704555622656,0.9,2.0,3.0,3.7,8.4
cylinders,7385.0,5.615030467163169,1.8283065156997242,3.0,4.0,6.0,6.0,16.0
transmission,7090.0,6.886600846262342,1.2092899373957204,4.0,6.0,6.0,8.0,10.0
fuel_consumption_city_l_100_km_,7385.0,12.556533513879485,3.5002740810877953,4.2,10.1,12.1,14.6,30.6
fuel_consumption_hwy_l_100_km_,7385.0,9.04170616113744,2.2244563806418727,4.0,7.5,8.7,10.2,20.6
fuel_consumption_comb_l_100_km_,7385.0,10.975071090047393,2.8925063028984717,4.1,8.9,10.6,12.6,26.1
fuel_consumption_comb_mpg_,7385.0,27.48165199729181,7.231879172141879,11.0,22.0,27.0,32.0,69.0
co2_emissions_g_km_,7385.0,250.58469871360867,58.512679394406476,96.0,208.0,246.0,288.0,522.0
